home,home_lat,home_lon,other,o_lat,o_lon,reach,flights
EDDB,52.361738,13.502341,BIKF,63.985001,-22.6056,Europe,1
EDDB,52.361738,13.502341,CYUL,45.467837,-73.742294,Intercontinental,2
EDDB,52.361738,13.502341,CYYZ,43.675935,-79.629421,Intercontinental,2
EDDB,52.361738,13.502341,EBBR,50.901402,4.48444,Europe,2
EDDB,52.361738,13.502341,EBMB,50.913419,4.491005,Europe,4
EDDB,52.361738,13.502341,EDDB,52.361738,13.502341,Domestic,3
EDDB,52.361738,13.502341,EDDF,50.026706,8.55835,Domestic,25
EDDB,52.361738,13.502341,EDDK,50.865898,7.14274,Domestic,8
EDDB,52.361738,13.502341,EDDL,51.289501,6.76678,Domestic,6
EDDB,52.361738,13.502341,EDDM,48.353802,11.7861,Domestic,18
EDDB,52.361738,13.502341,EDDR,49.214545,7.109735,Domestic,4
EDDB,52.361738,13.502341,EDDS,48.689899,9.22196,Domestic,7
EDDB,52.361738,13.502341,EDDV,52.461102,9.68508,Domestic,1
EDDB,52.361738,13.502341,EDFC,49.938806,9.062777,Domestic,1
EDDB,52.361738,13.502341,EDFG,50.196738,9.167061,Domestic,1
EDDB,52.361738,13.502341,EDLP,51.612527,8.617459,Domestic,1
EDDB,52.361738,13.502341,EDRP,49.264442,7.488333,Domestic,1
EDDB,52.361738,13.502341,EDSB,48.7794,8.0805,Domestic,1
EDDB,52.361738,13.502341,EDWV,52.965279,9.282778,Domestic,1
EDDB,52.361738,13.502341,EDXW,54.9132,8.34047,Domestic,1
EDDB,52.361738,13.502341,EETN,59.413246,24.83264,Europe,4
EDDB,52.361738,13.502341,EFHK,60.318363,24.963341,Europe,8
EDDB,52.361738,13.502341,EGCC,53.349375,-2.279521,Europe,4
EDDB,52.361738,13.502341,EGGD,51.382326,-2.716453,Europe,2
EDDB,52.361738,13.502341,EGKB,51.33079910279999,0.0324999988079,Europe,1
EDDB,52.361738,13.502341,EGKK,51.148744,-0.185739,Europe,6
EDDB,52.361738,13.502341,EGLC,51.505299,0.055278,Europe,6
EDDB,52.361738,13.502341,EGLL,51.470748,-0.459909,Europe,12
EDDB,52.361738,13.502341,EGML,51.527561,0.244189,Europe,1
EDDB,52.361738,13.502341,EGNX,52.8311,-1.32806,Europe,2
EDDB,52.361738,13.502341,EGPH,55.950145,-3.372288,Europe,2
EDDB,52.361738,13.502341,EGSS,51.884998,0.235,Europe,8
EDDB,52.361738,13.502341,EHAM,52.308601,4.76389,Europe,12
EDDB,52.361738,13.502341,EIDW,53.428713,-6.262121,Europe,8
EDDB,52.361738,13.502341,EKCH,55.617900848389,12.656000137329,Europe,9
EDDB,52.361738,13.502341,EKKA,56.297139,9.104311,Europe,1
EDDB,52.361738,13.502341,ELLX,49.626845,6.212134,Europe,2
EDDB,52.361738,13.502341,ENGM,60.193901,11.1004,Europe,6
EDDB,52.361738,13.502341,EPWA,52.165699,20.9671,Europe,6
EDDB,52.361738,13.502341,ESSA,59.64849,17.928829,Europe,8
EDDB,52.361738,13.502341,ETHC,52.591202,10.0221,Domestic,1
EDDB,52.361738,13.502341,EVRA,56.920752,23.970711,Europe,4
EDDB,52.361738,13.502341,EYVI,54.634102,25.285801,Europe,2
EDDB,52.361738,13.502341,KEWR,40.6894,-74.170545,Intercontinental,2
EDDB,52.361738,13.502341,KJFK,40.639447,-73.779317,Intercontinental,2
EDDB,52.361738,13.502341,LBLS,42.632465,23.650102,Europe,1
EDDB,52.361738,13.502341,LBSB,42.726582,27.624472,Europe,1
EDDB,52.361738,13.502341,LBSF,42.696357,23.417671,Europe,3
EDDB,52.361738,13.502341,LEAL,38.2822,-0.558156,Europe,2
EDDB,52.361738,13.502341,LEBL,41.2971,2.07846,Europe,8
EDDB,52.361738,13.502341,LEIB,38.872898,1.37312,Europe,2
EDDB,52.361738,13.502341,LEMD,40.493407,-3.572249,Europe,8
EDDB,52.361738,13.502341,LEMG,36.6749,-4.49911,Europe,7
EDDB,52.361738,13.502341,LEPA,39.551701,2.73881,Europe,16
EDDB,52.361738,13.502341,LFBD,44.82865,-0.715356,Europe,1
EDDB,52.361738,13.502341,LFCS,44.700298,-0.595556,Europe,1
EDDB,52.361738,13.502341,LFKB,42.5527,9.48373,Europe,2
EDDB,52.361738,13.502341,LFLL,45.725996,5.090139,Europe,2
EDDB,52.361738,13.502341,LFML,43.438088,5.2125,Europe,2
EDDB,52.361738,13.502341,LFMN,43.658401,7.21587,Europe,6
EDDB,52.361738,13.502341,LFPB,48.962276,2.436539,Europe,1
EDDB,52.361738,13.502341,LFPG,49.00896,2.554117,Europe,16
EDDB,52.361738,13.502341,LFPO,48.729499,2.358963,Europe,4
EDDB,52.361738,13.502341,LGAV,37.936401,23.9445,Europe,6
EDDB,52.361738,13.502341,LGKO,36.794523,27.09115,Intercontinental,4
EDDB,52.361738,13.502341,LGRP,36.405399,28.086201,Intercontinental,3
EDDB,52.361738,13.502341,LGSA,35.531207,24.150673,Europe,1
EDDB,52.361738,13.502341,LGTS,40.51928,22.970009,Europe,2
EDDB,52.361738,13.502341,LHBP,47.43018,19.262393,Europe,4
EDDB,52.361738,13.502341,LICC,37.466801,15.0664,Europe,1
EDDB,52.361738,13.502341,LICJ,38.175999,13.091,Europe,2
EDDB,52.361738,13.502341,LIEO,40.898953,9.518457,Europe,1
EDDB,52.361738,13.502341,LIMC,45.6306,8.72811,Europe,2
EDDB,52.361738,13.502341,LIME,45.669362,9.708851,Europe,2
EDDB,52.361738,13.502341,LIML,45.445099,9.27674,Europe,4
EDDB,52.361738,13.502341,LIPB,46.459245,11.326125,Europe,1
EDDB,52.361738,13.502341,LIPE,44.5354,11.2887,Europe,2
EDDB,52.361738,13.502341,LIPZ,45.505299,12.3519,Europe,3
EDDB,52.361738,13.502341,LIRF,41.804532,12.251998,Europe,6
EDDB,52.361738,13.502341,LIRP,43.683899,10.3927,Europe,2
EDDB,52.361738,13.502341,LKPR,50.100874,14.259911,Europe,1
EDDB,52.361738,13.502341,LL59,31.8979,34.6908,Intercontinental,1
EDDB,52.361738,13.502341,LLBG,32.011398,34.8867,Intercontinental,5
EDDB,52.361738,13.502341,LMML,35.845932,14.491546,Europe,2
EDDB,52.361738,13.502341,LOWG,46.9911,15.4396,Europe,2
EDDB,52.361738,13.502341,LOWW,48.110298,16.5697,Europe,11
EDDB,52.361738,13.502341,LPFR,37.015909,-7.970939,Europe,2
EDDB,52.361738,13.502341,LPPR,41.2481002808,-8.68138980865,Europe,2
EDDB,52.361738,13.502341,LPPT,38.7813,-9.13592,Europe,8
EDDB,52.361738,13.502341,LQTZ,44.459858,18.723627,Europe,2
EDDB,52.361738,13.502341,LROP,44.571792,26.103285,Europe,4
EDDB,52.361738,13.502341,LSGG,46.238098,6.10895,Europe,2
EDDB,52.361738,13.502341,LSGK,46.486525,7.248359,Europe,1
EDDB,52.361738,13.502341,LSTZ,46.551713,7.381012,Europe,1
EDDB,52.361738,13.502341,LSZB,46.912736,7.498819,Europe,1
EDDB,52.361738,13.502341,LSZH,47.458056,8.548056,Europe,19
EDDB,52.361738,13.502341,LSZM,47.078353,9.064662,Europe,1
EDDB,52.361738,13.502341,LTAI,36.898701,30.800501,Intercontinental,14
EDDB,52.361738,13.502341,LTBA,40.971913,28.823714,Europe,4
EDDB,52.361738,13.502341,LTBK,38.319099,27.159401,Intercontinental,2
EDDB,52.361738,13.502341,LTBX,40.993,29.216499,Intercontinental,1
EDDB,52.361738,13.502341,LTCG,40.995098,39.7897,Intercontinental,1
EDDB,52.361738,13.502341,LTFJ,40.898602,29.3092,Intercontinental,3
EDDB,52.361738,13.502341,LTXE,37.097222,30.648264,Intercontinental,5
EDDB,52.361738,13.502341,LYBE,44.818401,20.309099,Europe,4
EDDB,52.361738,13.502341,LZIB,48.1702,17.2127,Europe,2
EDDB,52.361738,13.502341,OJAI,31.7226009369,35.9931983948,Intercontinental,2
EDDB,52.361738,13.502341,OLBA,33.819833,35.487443,Intercontinental,1
EDDB,52.361738,13.502341,OTBD,25.259431,51.565528,Intercontinental,1
EDDB,52.361738,13.502341,OTHH,25.273056,51.608056,Intercontinental,2
EDDB,52.361738,13.502341,UGKO,42.177448,42.485353,Intercontinental,1
EDDB,52.361738,13.502341,UGTB,41.669201,44.9547,Intercontinental,2
EDDF,50.026706,8.55835,BIKF,63.985001,-22.6056,Europe,6
EDDF,50.026706,8.55835,CYHZ,44.8807983398,-63.5085983276,Intercontinental,2
EDDF,50.026706,8.55835,CYUL,45.467837,-73.742294,Intercontinental,6
EDDF,50.026706,8.55835,CYVR,49.193901,-123.183998,Intercontinental,6
EDDF,50.026706,8.55835,CYYC,51.118822,-114.009933,Intercontinental,2
EDDF,50.026706,8.55835,CYYZ,43.675935,-79.629421,Intercontinental,9
EDDF,50.026706,8.55835,DAAG,36.693886,3.214531,Intercontinental,1
EDDF,50.026706,8.55835,EBBR,50.901402,4.48444,Europe,9
EDDF,50.026706,8.55835,EBLG,50.638574,5.443897,Europe,2
EDDF,50.026706,8.55835,EBMB,50.913419,4.491005,Europe,5
EDDF,50.026706,8.55835,EDDB,52.361738,13.502341,Domestic,25
EDDF,50.026706,8.55835,EDDC,51.134123,13.767831,Domestic,6
EDDF,50.026706,8.55835,EDDF,50.026706,8.55835,Domestic,10
EDDF,50.026706,8.55835,EDDH,53.630402,9.98823,Domestic,24
EDDF,50.026706,8.55835,EDDL,51.289501,6.76678,Domestic,11
EDDF,50.026706,8.55835,EDDM,48.353802,11.7861,Domestic,33
EDDF,50.026706,8.55835,EDDN,49.498699,11.078056,Domestic,6
EDDF,50.026706,8.55835,EDDP,51.420657,12.232705,Domestic,10
EDDF,50.026706,8.55835,EDDS,48.689899,9.22196,Domestic,2
EDDF,50.026706,8.55835,EDDV,52.461102,9.68508,Domestic,8
EDDF,50.026706,8.55835,EDDW,53.046786,8.78932,Domestic,1
EDDF,50.026706,8.55835,EDFB,50.337973,8.878984,Domestic,1
EDDF,50.026706,8.55835,EDFL,50.544794,8.592753,Domestic,2
EDDF,50.026706,8.55835,EDPK,48.047779,12.500556,Domestic,1
EDDF,50.026706,8.55835,EDTM,48.05389,9.372778,Domestic,1
EDDF,50.026706,8.55835,EDXW,54.9132,8.34047,Domestic,2
EDDF,50.026706,8.55835,EETN,59.413246,24.83264,Europe,6
EDDF,50.026706,8.55835,EFHK,60.318363,24.963341,Europe,10
EDDF,50.026706,8.55835,EGBB,52.453899,-1.74803,Europe,8
EDDF,50.026706,8.55835,EGCC,53.349375,-2.279521,Europe,6
EDDF,50.026706,8.55835,EGGW,51.874699,-0.368333,Europe,3
EDDF,50.026706,8.55835,EGKK,51.148744,-0.185739,Europe,6
EDDF,50.026706,8.55835,EGLC,51.505299,0.055278,Europe,4
EDDF,50.026706,8.55835,EGLL,51.470748,-0.459909,Europe,26
EDDF,50.026706,8.55835,EGPH,55.950145,-3.372288,Europe,6
EDDF,50.026706,8.55835,EGSS,51.884998,0.235,Europe,2
EDDF,50.026706,8.55835,EHAM,52.308601,4.76389,Europe,18
EDDF,50.026706,8.55835,EICK,51.841301,-8.49111,Europe,1
EDDF,50.026706,8.55835,EIDW,53.428713,-6.262121,Europe,11
EDDF,50.026706,8.55835,EKBI,55.740335,9.157019,Europe,8
EDDF,50.026706,8.55835,EKCH,55.617900848389,12.656000137329,Europe,14
EDDF,50.026706,8.55835,ELLX,49.626845,6.212134,Europe,10
EDDF,50.026706,8.55835,ENBR,60.2934,5.21814,Europe,4
EDDF,50.026706,8.55835,ENDU,69.055801,18.5404,Europe,1
EDDF,50.026706,8.55835,ENGM,60.193901,11.1004,Europe,10
EDDF,50.026706,8.55835,EPGD,54.377602,18.4662,Europe,5
EDDF,50.026706,8.55835,EPKK,50.077702,19.7848,Europe,10
EDDF,50.026706,8.55835,EPPO,52.421598,16.823359,Europe,7
EDDF,50.026706,8.55835,EPWA,52.165699,20.9671,Europe,14
EDDF,50.026706,8.55835,EPWR,51.103719,16.882096,Europe,6
EDDF,50.026706,8.55835,ESGG,57.6628,12.2798,Europe,6
EDDF,50.026706,8.55835,ESSA,59.64849,17.928829,Europe,10
EDDF,50.026706,8.55835,ESSL,58.404909,15.684499,Europe,1
EDDF,50.026706,8.55835,EVRA,56.920752,23.970711,Europe,4
EDDF,50.026706,8.55835,EYVI,54.634102,25.285801,Europe,6
EDDF,50.026706,8.55835,FACT,-33.97403,18.604333,Intercontinental,2
EDDF,50.026706,8.55835,FAGM,-26.2425,28.151199,Intercontinental,1
EDDF,50.026706,8.55835,FAOR,-26.140081,28.246801,Intercontinental,2
EDDF,50.026706,8.55835,FKYS,3.72256,11.5533,Intercontinental,1
EDDF,50.026706,8.55835,GMMN,33.3675,-7.58997,Intercontinental,1
EDDF,50.026706,8.55835,HEAZ,30.091702,31.359739,Intercontinental,2
EDDF,50.026706,8.55835,HECA,30.111534,31.396694,Intercontinental,1
EDDF,50.026706,8.55835,HKJK,-1.318886,36.928233,Intercontinental,2
EDDF,50.026706,8.55835,KATL,33.6367,-84.428101,Intercontinental,5
EDDF,50.026706,8.55835,KAUS,30.197535,-97.662015,Intercontinental,1
EDDF,50.026706,8.55835,KBOS,42.36197,-71.0079,Intercontinental,6
EDDF,50.026706,8.55835,KCLT,35.2140007019043,-80.94309997558594,Intercontinental,2
EDDF,50.026706,8.55835,KDEN,39.860027,-104.673792,Intercontinental,4
EDDF,50.026706,8.55835,KDFW,32.896801,-97.038002,Intercontinental,3
EDDF,50.026706,8.55835,KDTW,42.21377,-83.353786,Intercontinental,4
EDDF,50.026706,8.55835,KEWR,40.6894,-74.170545,Intercontinental,4
EDDF,50.026706,8.55835,KIAD,38.9445,-77.455803,Intercontinental,8
EDDF,50.026706,8.55835,KIAH,29.9844,-95.3414,Intercontinental,4
EDDF,50.026706,8.55835,KJFK,40.639447,-73.779317,Intercontinental,10
EDDF,50.026706,8.55835,KLAS,36.083361,-115.151817,Intercontinental,1
EDDF,50.026706,8.55835,KLAX,33.942501,-118.407997,Intercontinental,8
EDDF,50.026706,8.55835,KMCO,28.429399490356445,-81.30899810791016,Intercontinental,2
EDDF,50.026706,8.55835,KMEM,35.043845,-89.97634,Intercontinental,1
EDDF,50.026706,8.55835,KMIA,25.796011,-80.289751,Intercontinental,2
EDDF,50.026706,8.55835,KMSP,44.880081,-93.221741,Intercontinental,1
EDDF,50.026706,8.55835,KORD,41.9786,-87.9048,Intercontinental,8
EDDF,50.026706,8.55835,KPHL,39.871899,-75.241096,Intercontinental,2
EDDF,50.026706,8.55835,KRDU,35.878659,-78.7873,Intercontinental,2
EDDF,50.026706,8.55835,KSEA,47.447943,-122.310276,Intercontinental,4
EDDF,50.026706,8.55835,KSFO,37.619806,-122.374821,Intercontinental,7
EDDF,50.026706,8.55835,KSTL,38.748697,-90.370003,Intercontinental,2
EDDF,50.026706,8.55835,KTPA,27.9755,-82.533203,Intercontinental,2
EDDF,50.026706,8.55835,LBBG,42.569917,27.515173,Europe,1
EDDF,50.026706,8.55835,LBLS,42.632465,23.650102,Europe,1
EDDF,50.026706,8.55835,LBSB,42.726582,27.624472,Europe,1
EDDF,50.026706,8.55835,LBSF,42.696357,23.417671,Europe,8
EDDF,50.026706,8.55835,LCLK,34.875099,33.624901,Intercontinental,2
EDDF,50.026706,8.55835,LDRG,45.379501,14.5038,Europe,1
EDDF,50.026706,8.55835,LDZA,45.742901,16.0688,Europe,6
EDDF,50.026706,8.55835,LDZI,45.719874,16.343272,Europe,1
EDDF,50.026706,8.55835,LDZL,45.766725,15.849709,Europe,2
EDDF,50.026706,8.55835,LEAL,38.2822,-0.558156,Europe,2
EDDF,50.026706,8.55835,LEAS,43.563599,-6.03462,Europe,1
EDDF,50.026706,8.55835,LEBL,41.2971,2.07846,Europe,16
EDDF,50.026706,8.55835,LEIB,38.872898,1.37312,Europe,4
EDDF,50.026706,8.55835,LEJR,36.744598,-6.06011,Europe,1
EDDF,50.026706,8.55835,LEMD,40.493407,-3.572249,Europe,18
EDDF,50.026706,8.55835,LEMG,36.6749,-4.49911,Europe,6
EDDF,50.026706,8.55835,LEPA,39.551701,2.73881,Europe,20
EDDF,50.026706,8.55835,LEST,42.896301,-8.41514,Europe,2
EDDF,50.026706,8.55835,LEVC,39.489162,-0.480961,Europe,5
EDDF,50.026706,8.55835,LFHC,45.869701,5.18722,Europe,1
EDDF,50.026706,8.55835,LFKB,42.5527,9.48373,Europe,2
EDDF,50.026706,8.55835,LFLL,45.725996,5.090139,Europe,5
EDDF,50.026706,8.55835,LFML,43.438088,5.2125,Europe,4
EDDF,50.026706,8.55835,LFMN,43.658401,7.21587,Europe,8
EDDF,50.026706,8.55835,LFPG,49.00896,2.554117,Europe,25
EDDF,50.026706,8.55835,LFRS,47.153198,-1.61073,Europe,2
EDDF,50.026706,8.55835,LGAV,37.936401,23.9445,Europe,15
EDDF,50.026706,8.55835,LGIR,35.339699,25.1803,Europe,1
EDDF,50.026706,8.55835,LGKO,36.794523,27.09115,Intercontinental,4
EDDF,50.026706,8.55835,LGKV,40.9133,24.6192,Europe,2
EDDF,50.026706,8.55835,LGRP,36.405399,28.086201,Intercontinental,6
EDDF,50.026706,8.55835,LGSA,35.531207,24.150673,Europe,2
EDDF,50.026706,8.55835,LGTS,40.51928,22.970009,Europe,6
EDDF,50.026706,8.55835,LGZA,37.7509,20.8843,Europe,2
EDDF,50.026706,8.55835,LHBP,47.43018,19.262393,Europe,17
EDDF,50.026706,8.55835,LICA,38.906214,16.246007,Europe,2
EDDF,50.026706,8.55835,LICC,37.466801,15.0664,Europe,1
EDDF,50.026706,8.55835,LICZ,37.401699,14.9224,Europe,2
EDDF,50.026706,8.55835,LIEO,40.898953,9.518457,Europe,1
EDDF,50.026706,8.55835,LIMC,45.6306,8.72811,Europe,14
EDDF,50.026706,8.55835,LIMF,45.200802,7.64963,Europe,3
EDDF,50.026706,8.55835,LIML,45.445099,9.27674,Europe,14
EDDF,50.026706,8.55835,LIPE,44.5354,11.2887,Europe,5
EDDF,50.026706,8.55835,LIPQ,45.827862,13.466672,Europe,2
EDDF,50.026706,8.55835,LIPX,45.394955,10.887303,Europe,2
EDDF,50.026706,8.55835,LIPZ,45.505299,12.3519,Europe,11
EDDF,50.026706,8.55835,LIRF,41.804532,12.251998,Europe,24
EDDF,50.026706,8.55835,LIRN,40.886002,14.2908,Europe,1
EDDF,50.026706,8.55835,LIRP,43.683899,10.3927,Europe,2
EDDF,50.026706,8.55835,LIRQ,43.808558,11.202822,Europe,7
EDDF,50.026706,8.55835,LJLJ,46.223701,14.4576,Europe,6
EDDF,50.026706,8.55835,LKPR,50.100874,14.259911,Europe,16
EDDF,50.026706,8.55835,LLBG,32.011398,34.8867,Intercontinental,8
EDDF,50.026706,8.55835,LMML,35.845932,14.491546,Europe,5
EDDF,50.026706,8.55835,LOLW,48.182513,14.039283,Europe,2
EDDF,50.026706,8.55835,LOWG,46.9911,15.4396,Europe,6
EDDF,50.026706,8.55835,LOWL,48.235362,14.188128,Europe,2
EDDF,50.026706,8.55835,LOWS,47.793301,13.0043,Europe,7
EDDF,50.026706,8.55835,LOWW,48.110298,16.5697,Europe,29
EDDF,50.026706,8.55835,LPFR,37.015909,-7.970939,Europe,4
EDDF,50.026706,8.55835,LPMA,32.697812,-16.774613,Europe,2
EDDF,50.026706,8.55835,LPPR,41.2481002808,-8.68138980865,Europe,6
EDDF,50.026706,8.55835,LPPT,38.7813,-9.13592,Europe,12
EDDF,50.026706,8.55835,LQVI,44.025059,18.097114,Europe,2
EDDF,50.026706,8.55835,LROP,44.571792,26.103285,Europe,8
EDDF,50.026706,8.55835,LSGG,46.238098,6.10895,Europe,8
EDDF,50.026706,8.55835,LSPF,47.690203,8.526178,Europe,1
EDDF,50.026706,8.55835,LSZH,47.458056,8.548056,Europe,24
EDDF,50.026706,8.55835,LSZM,47.078353,9.064662,Europe,6
EDDF,50.026706,8.55835,LTAI,36.898701,30.800501,Intercontinental,7
EDDF,50.026706,8.55835,LTBK,38.319099,27.159401,Intercontinental,2
EDDF,50.026706,8.55835,LTBL,38.513,27.010099,Intercontinental,1
EDDF,50.026706,8.55835,LTFE,37.249314,27.66401,Intercontinental,1
EDDF,50.026706,8.55835,LTFJ,40.898602,29.3092,Intercontinental,3
EDDF,50.026706,8.55835,LTXE,37.097222,30.648264,Intercontinental,4
EDDF,50.026706,8.55835,LYBE,44.818401,20.309099,Europe,10
EDDF,50.026706,8.55835,MMJC,19.574155,-99.291183,Intercontinental,2
EDDF,50.026706,8.55835,MMMX,19.435822,-99.07033,Intercontinental,2
EDDF,50.026706,8.55835,MMUN,21.040817,-86.87347,Intercontinental,2
EDDF,50.026706,8.55835,OBBI,26.267295,50.63764,Intercontinental,1
EDDF,50.026706,8.55835,OJAI,31.7226009369,35.9931983948,Intercontinental,2
EDDF,50.026706,8.55835,OLBA,33.819833,35.487443,Intercontinental,2
EDDF,50.026706,8.55835,OMAA,24.440966,54.649237,Intercontinental,3
EDDF,50.026706,8.55835,OMDB,25.24979,55.370992,Intercontinental,5
EDDF,50.026706,8.55835,OMDW,24.896171,55.16235,Intercontinental,1
EDDF,50.026706,8.55835,OTHH,25.273056,51.608056,Intercontinental,4
EDDF,50.026706,8.55835,RCTP,25.0777,121.233002,Intercontinental,1
EDDF,50.026706,8.55835,RJAA,35.76858,140.388714,Intercontinental,4
EDDF,50.026706,8.55835,RJTT,35.549678,139.786958,Intercontinental,8
EDDF,50.026706,8.55835,RKSI,37.469101,126.450996,Intercontinental,7
EDDF,50.026706,8.55835,SAEZ,-34.8222,-58.5358,Intercontinental,2
EDDF,50.026706,8.55835,SBGL,-22.809999,-43.250557,Intercontinental,2
EDDF,50.026706,8.55835,SBGR,-23.431274,-46.469954,Intercontinental,4
EDDF,50.026706,8.55835,SBKP,-23.007404,-47.134502,Intercontinental,2
EDDF,50.026706,8.55835,SKBO,4.70159,-74.1469,Intercontinental,1
EDDF,50.026706,8.55835,VABB,19.088699,72.867897,Intercontinental,2
EDDF,50.026706,8.55835,VAJJ,19.098100662231445,72.83419799804688,Intercontinental,3
EDDF,50.026706,8.55835,VHHH,22.31184,113.914862,Intercontinental,5
EDDF,50.026706,8.55835,VIDP,28.55563,77.09519,Intercontinental,5
EDDF,50.026706,8.55835,VOBL,13.1979,77.706299,Intercontinental,3
EDDF,50.026706,8.55835,VOMM,12.990005,80.169296,Intercontinental,2
EDDF,50.026706,8.55835,VOTX,12.9072,80.121902,Intercontinental,1
EDDF,50.026706,8.55835,VTBS,13.6811,100.747002,Intercontinental,3
EDDF,50.026706,8.55835,WMKK,2.74558,101.709999,Intercontinental,1
EDDF,50.026706,8.55835,WSAC,1.3441400528,104.009002686,Intercontinental,3
EDDF,50.026706,8.55835,WSSS,1.35019,103.994003,Intercontinental,1
EDDF,50.026706,8.55835,YMML,-37.670732,144.837898,Intercontinental,1
EDDM,48.353802,11.7861,BIKF,63.985001,-22.6056,Europe,3
EDDM,48.353802,11.7861,CYUL,45.467837,-73.742294,Intercontinental,2
EDDM,48.353802,11.7861,CYVR,49.193901,-123.183998,Intercontinental,2
EDDM,48.353802,11.7861,CYYZ,43.675935,-79.629421,Intercontinental,4
EDDM,48.353802,11.7861,EBBR,50.901402,4.48444,Europe,5
EDDM,48.353802,11.7861,EBCI,50.461963,4.459562,Europe,2
EDDM,48.353802,11.7861,EBKT,50.818878,3.209551,Europe,2
EDDM,48.353802,11.7861,EBLG,50.638574,5.443897,Europe,3
EDDM,48.353802,11.7861,EBMB,50.913419,4.491005,Europe,6
EDDM,48.353802,11.7861,EBNM,50.489705,4.769697,Europe,1
EDDM,48.353802,11.7861,EBST,50.790772,5.19958,Europe,1
EDDM,48.353802,11.7861,EDDB,52.361738,13.502341,Domestic,18
EDDM,48.353802,11.7861,EDDC,51.134123,13.767831,Domestic,6
EDDM,48.353802,11.7861,EDDF,50.026706,8.55835,Domestic,33
EDDM,48.353802,11.7861,EDDG,52.133816,7.688482,Domestic,5
EDDM,48.353802,11.7861,EDDH,53.630402,9.98823,Domestic,24
EDDM,48.353802,11.7861,EDDK,50.865898,7.14274,Domestic,10
EDDM,48.353802,11.7861,EDDL,51.289501,6.76678,Domestic,21
EDDM,48.353802,11.7861,EDDM,48.353802,11.7861,Domestic,2
EDDM,48.353802,11.7861,EDDP,51.420657,12.232705,Domestic,2
EDDM,48.353802,11.7861,EDDS,48.689899,9.22196,Domestic,8
EDDM,48.353802,11.7861,EDDV,52.461102,9.68508,Domestic,10
EDDM,48.353802,11.7861,EDDW,53.046786,8.78932,Domestic,10
EDDM,48.353802,11.7861,EDKB,50.76889,7.163333,Domestic,1
EDDM,48.353802,11.7861,EDKD,51.312459,7.704134,Domestic,1
EDDM,48.353802,11.7861,EDLE,51.402302,6.93733,Domestic,1
EDDM,48.353802,11.7861,EDMP,48.426109,12.345278,Domestic,1
EDDM,48.353802,11.7861,EDPI,48.456588,11.941624,Domestic,1
EDDM,48.353802,11.7861,EDXW,54.9132,8.34047,Domestic,2
EDDM,48.353802,11.7861,EETN,59.413246,24.83264,Europe,2
EDDM,48.353802,11.7861,EFHK,60.318363,24.963341,Europe,7
EDDM,48.353802,11.7861,EGBB,52.453899,-1.74803,Europe,2
EDDM,48.353802,11.7861,EGCC,53.349375,-2.279521,Europe,8
EDDM,48.353802,11.7861,EGGD,51.382326,-2.716453,Europe,2
EDDM,48.353802,11.7861,EGJJ,49.207901,-2.19551,Europe,2
EDDM,48.353802,11.7861,EGKK,51.148744,-0.185739,Europe,2
EDDM,48.353802,11.7861,EGLC,51.505299,0.055278,Europe,1
EDDM,48.353802,11.7861,EGLL,51.470748,-0.459909,Europe,25
EDDM,48.353802,11.7861,EGPH,55.950145,-3.372288,Europe,2
EDDM,48.353802,11.7861,EGPK,55.501499,-4.577182,Europe,1
EDDM,48.353802,11.7861,EHAM,52.308601,4.76389,Europe,18
EDDM,48.353802,11.7861,EIDW,53.428713,-6.262121,Europe,8
EDDM,48.353802,11.7861,EKCH,55.617900848389,12.656000137329,Europe,14
EDDM,48.353802,11.7861,ELLX,49.626845,6.212134,Europe,6
EDDM,48.353802,11.7861,ENBR,60.2934,5.21814,Europe,2
EDDM,48.353802,11.7861,ENGM,60.193901,11.1004,Europe,8
EDDM,48.353802,11.7861,EPGD,54.377602,18.4662,Europe,1
EDDM,48.353802,11.7861,EPKK,50.077702,19.7848,Europe,8
EDDM,48.353802,11.7861,EPRZ,50.109791,22.024155,Europe,1
EDDM,48.353802,11.7861,EPWA,52.165699,20.9671,Europe,9
EDDM,48.353802,11.7861,EPWR,51.103719,16.882096,Europe,4
EDDM,48.353802,11.7861,ESGG,57.6628,12.2798,Europe,6
EDDM,48.353802,11.7861,ESSA,59.64849,17.928829,Europe,8
EDDM,48.353802,11.7861,EVRA,56.920752,23.970711,Europe,4
EDDM,48.353802,11.7861,EYVI,54.634102,25.285801,Europe,2
EDDM,48.353802,11.7861,FAOR,-26.140081,28.246801,Intercontinental,1
EDDM,48.353802,11.7861,HEAZ,30.091702,31.359739,Intercontinental,1
EDDM,48.353802,11.7861,KATL,33.6367,-84.428101,Intercontinental,2
EDDM,48.353802,11.7861,KBOS,42.36197,-71.0079,Intercontinental,2
EDDM,48.353802,11.7861,KCLT,35.2140007019043,-80.94309997558594,Intercontinental,4
EDDM,48.353802,11.7861,KDEN,39.860027,-104.673792,Intercontinental,4
EDDM,48.353802,11.7861,KDTW,42.21377,-83.353786,Intercontinental,2
EDDM,48.353802,11.7861,KEWR,40.6894,-74.170545,Intercontinental,4
EDDM,48.353802,11.7861,KIAD,38.9445,-77.455803,Intercontinental,4
EDDM,48.353802,11.7861,KIAH,29.9844,-95.3414,Intercontinental,2
EDDM,48.353802,11.7861,KJFK,40.639447,-73.779317,Intercontinental,2
EDDM,48.353802,11.7861,KLAX,33.942501,-118.407997,Intercontinental,2
EDDM,48.353802,11.7861,KMCO,28.429399490356445,-81.30899810791016,Intercontinental,1
EDDM,48.353802,11.7861,KORD,41.9786,-87.9048,Intercontinental,5
EDDM,48.353802,11.7861,KSAN,32.733601,-117.190002,Intercontinental,1
EDDM,48.353802,11.7861,KSEA,47.447943,-122.310276,Intercontinental,2
EDDM,48.353802,11.7861,KSFO,37.619806,-122.374821,Intercontinental,4
EDDM,48.353802,11.7861,LBLS,42.632465,23.650102,Europe,1
EDDM,48.353802,11.7861,LBSF,42.696357,23.417671,Europe,3
EDDM,48.353802,11.7861,LCLK,34.875099,33.624901,Intercontinental,2
EDDM,48.353802,11.7861,LDPL,44.893501,13.9222,Europe,3
EDDM,48.353802,11.7861,LDPM,44.843878,13.904376,Europe,1
EDDM,48.353802,11.7861,LDZA,45.742901,16.0688,Europe,4
EDDM,48.353802,11.7861,LDZB,45.647499,16.124399,Europe,1
EDDM,48.353802,11.7861,LDZL,45.766725,15.849709,Europe,2
EDDM,48.353802,11.7861,LEAL,38.2822,-0.558156,Europe,2
EDDM,48.353802,11.7861,LEBL,41.2971,2.07846,Europe,14
EDDM,48.353802,11.7861,LEIB,38.872898,1.37312,Europe,2
EDDM,48.353802,11.7861,LEMD,40.493407,-3.572249,Europe,17
EDDM,48.353802,11.7861,LEMG,36.6749,-4.49911,Europe,4
EDDM,48.353802,11.7861,LEPA,39.551701,2.73881,Europe,17
EDDM,48.353802,11.7861,LEVC,39.489162,-0.480961,Europe,3
EDDM,48.353802,11.7861,LEZL,37.417999,-5.89311,Europe,1
EDDM,48.353802,11.7861,LFBD,44.82865,-0.715356,Europe,2
EDDM,48.353802,11.7861,LFBO,43.629101,1.36382,Europe,7
EDDM,48.353802,11.7861,LFLL,45.725996,5.090139,Europe,5
EDDM,48.353802,11.7861,LFML,43.438088,5.2125,Europe,6
EDDM,48.353802,11.7861,LFMN,43.658401,7.21587,Europe,7
EDDM,48.353802,11.7861,LFPG,49.00896,2.554117,Europe,22
EDDM,48.353802,11.7861,LFRS,47.153198,-1.61073,Europe,2
EDDM,48.353802,11.7861,LGAV,37.936401,23.9445,Europe,16
EDDM,48.353802,11.7861,LGKO,36.794523,27.09115,Intercontinental,6
EDDM,48.353802,11.7861,LGRP,36.405399,28.086201,Intercontinental,5
EDDM,48.353802,11.7861,LGSA,35.531207,24.150673,Europe,2
EDDM,48.353802,11.7861,LGTS,40.51928,22.970009,Europe,6
EDDM,48.353802,11.7861,LHBP,47.43018,19.262393,Europe,8
EDDM,48.353802,11.7861,LHDC,47.489469,21.616278,Europe,4
EDDM,48.353802,11.7861,LICA,38.906214,16.246007,Europe,3
EDDM,48.353802,11.7861,LICJ,38.175999,13.091,Europe,1
EDDM,48.353802,11.7861,LICZ,37.401699,14.9224,Europe,3
EDDM,48.353802,11.7861,LIED,39.354198,8.97248,Europe,1
EDDM,48.353802,11.7861,LIEO,40.898953,9.518457,Europe,2
EDDM,48.353802,11.7861,LIMC,45.6306,8.72811,Europe,9
EDDM,48.353802,11.7861,LIMF,45.200802,7.64963,Europe,4
EDDM,48.353802,11.7861,LIMJ,44.412039,8.840732,Europe,2
EDDM,48.353802,11.7861,LIML,45.445099,9.27674,Europe,6
EDDM,48.353802,11.7861,LIPE,44.5354,11.2887,Europe,5
EDDM,48.353802,11.7861,LIPO,45.428902,10.3306,Europe,1
EDDM,48.353802,11.7861,LIPX,45.394955,10.887303,Europe,3
EDDM,48.353802,11.7861,LIPY,43.616299,13.3623,Europe,2
EDDM,48.353802,11.7861,LIPZ,45.505299,12.3519,Europe,7
EDDM,48.353802,11.7861,LIRF,41.804532,12.251998,Europe,15
EDDM,48.353802,11.7861,LIRQ,43.808558,11.202822,Europe,6
EDDM,48.353802,11.7861,LIRZ,43.095901,12.5132,Europe,2
EDDM,48.353802,11.7861,LJLJ,46.223701,14.4576,Europe,2
EDDM,48.353802,11.7861,LKPR,50.100874,14.259911,Europe,8
EDDM,48.353802,11.7861,LLBG,32.011398,34.8867,Intercontinental,10
EDDM,48.353802,11.7861,LMML,35.845932,14.491546,Europe,5
EDDM,48.353802,11.7861,LOIJ,47.5201,12.4497,Europe,1
EDDM,48.353802,11.7861,LOWG,46.9911,15.4396,Europe,6
EDDM,48.353802,11.7861,LOWI,47.260201,11.344,Europe,1
EDDM,48.353802,11.7861,LOWS,47.793301,13.0043,Europe,2
EDDM,48.353802,11.7861,LOWW,48.110298,16.5697,Europe,12
EDDM,48.353802,11.7861,LPAR,38.883301,-9.0301,Europe,1
EDDM,48.353802,11.7861,LPEV,38.533501,-7.88964,Europe,1
EDDM,48.353802,11.7861,LPFR,37.015909,-7.970939,Europe,2
EDDM,48.353802,11.7861,LPMA,32.697812,-16.774613,Europe,2
EDDM,48.353802,11.7861,LPPR,41.2481002808,-8.68138980865,Europe,4
EDDM,48.353802,11.7861,LPPT,38.7813,-9.13592,Europe,9
EDDM,48.353802,11.7861,LRCL,46.786042,23.685733,Europe,2
EDDM,48.353802,11.7861,LROP,44.571792,26.103285,Europe,6
EDDM,48.353802,11.7861,LRTR,45.809898,21.3379,Europe,3
EDDM,48.353802,11.7861,LSGG,46.238098,6.10895,Europe,4
EDDM,48.353802,11.7861,LSZH,47.458056,8.548056,Europe,16
EDDM,48.353802,11.7861,LSZM,47.078353,9.064662,Europe,2
EDDM,48.353802,11.7861,LTAI,36.898701,30.800501,Intercontinental,6
EDDM,48.353802,11.7861,LTBJ,38.2924,27.157,Intercontinental,1
EDDM,48.353802,11.7861,LTBK,38.319099,27.159401,Intercontinental,1
EDDM,48.353802,11.7861,LTFD,39.552533,27.010192,Intercontinental,2
EDDM,48.353802,11.7861,LTFE,37.249314,27.66401,Intercontinental,2
EDDM,48.353802,11.7861,LTFJ,40.898602,29.3092,Intercontinental,4
EDDM,48.353802,11.7861,LTXE,37.097222,30.648264,Intercontinental,1
EDDM,48.353802,11.7861,LYBE,44.818401,20.309099,Europe,7
EDDM,48.353802,11.7861,MMMX,19.435822,-99.07033,Intercontinental,1
EDDM,48.353802,11.7861,OBBI,26.267295,50.63764,Intercontinental,2
EDDM,48.353802,11.7861,OJAI,31.7226009369,35.9931983948,Intercontinental,1
EDDM,48.353802,11.7861,OMAA,24.440966,54.649237,Intercontinental,2
EDDM,48.353802,11.7861,OMDB,25.24979,55.370992,Intercontinental,3
EDDM,48.353802,11.7861,OMSJ,25.3286,55.5172,Intercontinental,1
EDDM,48.353802,11.7861,OTBD,25.259431,51.565528,Intercontinental,1
EDDM,48.353802,11.7861,OTHH,25.273056,51.608056,Intercontinental,2
EDDM,48.353802,11.7861,RJBB,34.427299,135.244003,Intercontinental,1
EDDM,48.353802,11.7861,RJTT,35.549678,139.786958,Intercontinental,4
EDDM,48.353802,11.7861,RKSI,37.469101,126.450996,Intercontinental,2
EDDM,48.353802,11.7861,SBGR,-23.431274,-46.469954,Intercontinental,1
EDDM,48.353802,11.7861,UGTB,41.669201,44.9547,Intercontinental,2
EDDM,48.353802,11.7861,VAJJ,19.098100662231445,72.83419799804688,Intercontinental,2
EDDM,48.353802,11.7861,VIDP,28.55563,77.09519,Intercontinental,2
EDDM,48.353802,11.7861,VOBL,13.1979,77.706299,Intercontinental,1
EDDM,48.353802,11.7861,VTBS,13.6811,100.747002,Intercontinental,2
EDDM,48.353802,11.7861,WSAC,1.3441400528,104.009002686,Intercontinental,3
EDDM,48.353802,11.7861,WSSS,1.35019,103.994003,Intercontinental,2
